{
  "project_info": {
    "project_number": "996194117846",
    "firebase_url": " ",
    "project_id": "remedio-53605",
    "storage_bucket": "remedio-53605.appspot.com"
  },
  "client": [
    {
      "client_info": {
        "mobilesdk_app_id": "1:996194117846:android:0241696fab1cc2c4",
        "android_client_info": {
          "package_name": "in.ateesinfomedia.remedio"
        }
      },
      "oauth_client": [
        {
          "client_id": "996194117846-eah312pkp4td8rhogn86739nljso26md.apps.googleusercontent.com",
          "client_type": 3
        }
      ],
      "api_key": [
        {
          "current_key": "AIzaSyAa8PLggbxQNJzH6QtcazA5WYGJ-RaZfjM"
        }
      ],
      "services": {
        "analytics_service": {
          "status": 1
        },
        "appinvite_service": {
          "status": 1,
          "other_platform_oauth_client": []
        },
        "ads_service": {
          "status": 2
        }
      }
    }
  ],
  "configuration_version": "1"
}